<?xml version="1.0"?>
<!DOCTYPE Configure PUBLIC "-//Jetty//Configure//EN" "http://www.eclipse.org/jetty/configure.dtd">

<!-- =============================================================== -->
<!-- mechanic for starting jetty policy                              -->
<!--                                                                 -->
<!-- =============================================================== -->

<Configure id="Policy" class="org.eclipse.jetty.policy.JettyPolicyConfigurator">

    <Call name="addPolicy">
      <Arg><Property name="jetty.home"/>/lib/policy/jetty.policy</Arg>
    </Call>
    
    <Call name="addProperty">
      <Arg>jetty.home</Arg>
      <Arg><Property name="jetty.home"/></Arg>
    </Call>
    
    <Call name="initialize"/>
</Configure>